ds,y,marketing_spend,is_holiday
2021-01-01,9614.85,1316.77,0
2021-01-02,9944.54,2391.73,0
2021-01-03,11213.08,1634.83,0
2021-01-04,10247.77,1030.4,0
2021-01-05,12037.89,1004.85,0
2021-01-06,8832.7,2647.93,0
2021-01-07,11051.97,2194.4,0
2021-01-08,11269.38,1865.12,0
2021-01-09,10707.19,1502.35,0
2021-01-10,11211.96,1577.04,0
2021-01-11,10005.94,643.59,0
2021-01-12,9752.66,1637.28,0
2021-01-13,9487.47,2488.64,0
2021-01-14,10126.48,1469.97,0
2021-01-15,9542.85,1458.95,0
2021-01-16,11594.8,539.29,0
2021-01-17,11430.36,1644.59,0
2021-01-18,11479.47,563.34,0
2021-01-19,10951.17,1925.87,1
2021-01-20,9946.06,1766.96,0
2021-01-21,10717.93,2600.02,0
2021-01-22,10928.94,1954.45,0
2021-01-23,12264.5,1308.57,0
2021-01-24,12122.4,1790.58,0
2021-01-25,11626.52,2249.27,0
2021-01-26,10750.24,734.91,0
2021-01-27,11480.42,2052.69,0
2021-01-28,10966.49,2791.57,0
2021-01-29,10254.4,1247.83,0
2021-01-30,11602.89,2066.56,0
2021-01-31,11995.13,2553.32,0
2021-02-01,11786.96,1779.52,0
2021-02-02,11277.34,2294.95,0
2021-02-03,9989.7,1277.53,0
2021-02-04,10886.69,1265.15,1
2021-02-05,11356.39,2168.96,0
2021-02-06,13141.66,2263.52,0
2021-02-07,11672.56,2842.52,0
2021-02-08,12061.73,1062.1,0
2021-02-09,10872.5,1670.54,0
2021-02-10,12517.3,1126.28,0
2021-02-11,12225.14,700.23,0
2021-02-12,10569.41,1508.08,0
2021-02-13,11909.28,1435.2,0
2021-02-14,13434.47,1176.09,0
2021-02-15,12707.21,1242.49,0
2021-02-16,12023.88,1401.03,0
2021-02-17,11438.43,2972.09,0
2021-02-18,12236.09,2457.39,0
2021-02-19,12759.74,678.5,0
2021-02-20,12561.8,2681.03,0
2021-02-21,12022.56,2083.26,0
2021-02-22,11229.77,2726.48,0
2021-02-23,11836.8,1354.27,0
2021-02-24,10046.48,1661.3,0
2021-02-25,11904.6,2740.57,0
2021-02-26,12113.17,1181.43,0
2021-02-27,14569.92,2788.75,0
2021-02-28,13472.87,2571.25,0
2021-03-01,12770.64,2951.39,0
2021-03-02,10834.73,1310.64,0
2021-03-03,10712.19,1089.38,0
2021-03-04,12448.19,1327.17,0
2021-03-05,12304.03,2886.62,0
2021-03-06,15233.55,1332.68,0
2021-03-07,13317.91,1913.03,0
2021-03-08,13110.6,1509.2,0
2021-03-09,11251.02,1490.55,0
2021-03-10,12652.25,983.45,0
2021-03-11,11330.13,1842.7,0
2021-03-12,13136.95,2623.51,0
2021-03-13,14012.87,623.71,0
2021-03-14,13613.92,2723.07,0
2021-03-15,14529.66,2163.68,0
2021-03-16,11959.76,2041.85,0
2021-03-17,13373.66,2064.75,0
2021-03-18,11187.98,1240.67,0
2021-03-19,13485.75,1537.86,0
2021-03-20,13373.66,2498.23,1
2021-03-21,13090.45,1265.95,0
2021-03-22,11909.25,1675.05,0
2021-03-23,12348.96,549.08,1
2021-03-24,11878.31,2333.9,0
2021-03-25,12442.14,1544.26,0
2021-03-26,13520.37,1813.4,0
2021-03-27,12929.72,786.72,0
2021-03-28,15147.36,2979.29,0
2021-03-29,12886.12,1256.17,0
2021-03-30,13112.78,2087.47,0
2021-03-31,12277.88,1953.09,1
2021-04-01,12208.08,2462.73,0
2021-04-02,13030.64,1234.59,0
2021-04-03,12877.17,2389.82,0
2021-04-04,13478.43,1456.25,0
2021-04-05,12287.7,1527.9,0
2021-04-06,12229.0,2181.78,0
2021-04-07,11864.63,2460.71,0
2021-04-08,13070.26,2167.17,0
2021-04-09,12754.92,2749.7,0
2021-04-10,13287.64,1212.9,0
2021-04-11,13976.05,2751.54,0
2021-04-12,13510.58,827.16,0
2021-04-13,12196.83,2148.83,0
2021-04-14,12549.47,1869.08,0
2021-04-15,12242.17,1736.59,0
2021-04-16,12532.23,1277.28,0
2021-04-17,13230.53,1759.33,0
2021-04-18,14535.24,904.43,0
2021-04-19,12964.24,1423.3,0
2021-04-20,12844.22,746.7,0
2021-04-21,11168.81,1929.62,0
2021-04-22,13232.99,739.42,0
2021-04-23,12490.66,900.86,0
2021-04-24,13892.9,713.67,0
2021-04-25,13515.35,1453.28,0
2021-04-26,13583.61,2604.9,0
2021-04-27,12921.18,2767.24,0
2021-04-28,12005.29,679.72,0
2021-04-29,10769.48,2086.38,0
2021-04-30,13746.62,2210.96,0
2021-05-01,13372.78,1834.42,0
2021-05-02,13918.37,2167.46,0
2021-05-03,13728.64,1084.23,0
2021-05-04,12098.81,1724.11,0
2021-05-05,12428.29,1477.19,0
2021-05-06,11553.22,724.27,0
2021-05-07,13068.42,2063.89,0
2021-05-08,13380.62,1738.04,0
2021-05-09,13161.74,1187.94,0
2021-05-10,13084.3,1684.21,0
2021-05-11,11487.56,2438.25,0
2021-05-12,12124.74,2504.14,0
2021-05-13,12340.31,2123.82,0
2021-05-14,12889.52,1669.37,0
2021-05-15,14417.15,1939.37,0
2021-05-16,13270.3,1462.54,0
2021-05-17,12868.39,816.39,0
2021-05-18,11234.18,1464.05,0
2021-05-19,12970.33,1825.83,0
2021-05-20,10642.59,1997.09,0
2021-05-21,12623.2,2839.5,0
2021-05-22,12547.27,2443.33,0
2021-05-23,13216.22,879.98,0
2021-05-24,11659.4,935.46,0
2021-05-25,12696.82,751.24,0
2021-05-26,10757.9,2345.45,0
2021-05-27,12580.48,2265.31,0
2021-05-28,11501.37,2965.91,0
2021-05-29,13619.18,1805.06,0
2021-05-30,12298.39,2566.04,0
2021-05-31,12007.9,1941.1,0
2021-06-01,11772.78,2685.22,0
2021-06-02,10631.57,2302.55,0
2021-06-03,10730.61,2107.21,0
2021-06-04,11356.66,1912.81,1
2021-06-05,12873.69,2307.43,0
2021-06-06,12739.8,1549.13,0
2021-06-07,12316.17,741.44,0
2021-06-08,11286.57,599.97,0
2021-06-09,11518.53,1697.56,0
2021-06-10,12039.93,1998.23,0
2021-06-11,12251.39,697.12,0
2021-06-12,12214.47,1217.26,0
2021-06-13,11524.52,1305.08,0
2021-06-14,10451.43,1906.99,0
2021-06-15,11251.53,1196.21,0
2021-06-16,9240.36,739.12,0
2021-06-17,10794.07,912.14,0
2021-06-18,12665.0,934.87,0
2021-06-19,11209.32,2606.74,1
2021-06-20,11221.26,1210.8,0
2021-06-21,12290.26,2286.73,0
2021-06-22,8805.17,1919.6,0
2021-06-23,10885.49,2942.6,0
2021-06-24,11872.33,1182.06,0
2021-06-25,10587.9,895.93,0
2021-06-26,11038.76,630.09,0
2021-06-27,12463.36,1102.4,0
2021-06-28,10584.55,2210.18,0
2021-06-29,11438.17,713.15,0
2021-06-30,9447.76,1111.75,0
2021-07-01,11850.91,2638.27,0
2021-07-02,11553.98,1957.38,0
2021-07-03,11642.51,673.8,0
2021-07-04,13097.64,619.21,0
2021-07-05,12083.93,652.81,0
2021-07-06,10821.9,2854.69,0
2021-07-07,8566.17,2624.68,0
2021-07-08,9612.65,2612.35,0
2021-07-09,11630.33,2810.54,0
2021-07-10,10310.14,1763.14,0
2021-07-11,10855.01,1118.36,0
2021-07-12,10180.05,1503.37,0
2021-07-13,10588.49,2297.16,0
2021-07-14,10567.88,2690.08,0
2021-07-15,10686.52,1587.73,0
2021-07-16,9821.57,1838.45,1
2021-07-17,11403.91,2829.46,0
2021-07-18,10491.43,768.75,0
2021-07-19,10574.13,2655.75,0
2021-07-20,10428.76,898.27,0
2021-07-21,10393.39,1709.65,0
2021-07-22,7943.97,1046.06,0
2021-07-23,10332.82,2007.37,0
2021-07-24,11970.43,1896.43,0
2021-07-25,11150.33,1450.02,0
2021-07-26,10563.57,2658.26,0
2021-07-27,9318.91,2149.53,0
2021-07-28,10407.43,2303.01,0
2021-07-29,9010.55,876.65,0
2021-07-30,9936.31,2707.91,0
2021-07-31,10233.05,917.6,0
2021-08-01,10817.92,1056.96,0
2021-08-02,11407.08,820.14,0
2021-08-03,8815.86,1600.9,0
2021-08-04,9166.73,2719.27,0
2021-08-05,9513.18,1131.12,0
2021-08-06,9145.5,1434.38,0
2021-08-07,10343.61,2615.17,0
2021-08-08,11996.78,2044.54,1
2021-08-09,8638.92,2379.04,0
2021-08-10,8993.82,1035.0,0
2021-08-11,9070.13,2291.22,0
2021-08-12,8695.6,1069.03,0
2021-08-13,11903.49,2968.28,0
2021-08-14,10632.07,1899.72,0
2021-08-15,9485.75,2239.1,0
2021-08-16,7993.16,796.0,0
2021-08-17,9415.24,1126.64,0
2021-08-18,8080.87,849.35,0
2021-08-19,9846.67,1475.43,0
2021-08-20,9197.38,1210.34,0
2021-08-21,9564.86,2332.31,0
2021-08-22,9683.17,771.77,0
2021-08-23,10485.66,2380.15,0
2021-08-24,9313.2,614.26,0
2021-08-25,9931.73,1005.04,0
2021-08-26,8489.01,2479.91,0
2021-08-27,9956.64,2356.94,0
2021-08-28,10576.64,1690.82,0
2021-08-29,10548.14,624.96,0
2021-08-30,9150.45,2024.73,0
2021-08-31,9225.56,1516.81,0
2021-09-01,8319.54,1291.32,0
2021-09-02,8436.97,2101.03,0
2021-09-03,8501.22,1591.54,1
2021-09-04,8060.34,731.05,0
2021-09-05,10895.71,2789.88,0
2021-09-06,9796.01,2446.23,0
2021-09-07,7669.25,640.95,0
2021-09-08,8873.07,1812.66,0
2021-09-09,9456.49,708.44,1
2021-09-10,9678.87,2593.22,0
2021-09-11,8958.87,2032.53,1
2021-09-12,9231.73,931.12,0
2021-09-13,8937.56,551.85,0
2021-09-14,9362.58,578.95,0
2021-09-15,8616.81,1768.41,0
2021-09-16,10613.84,2335.93,0
2021-09-17,7688.55,802.1,0
2021-09-18,9579.56,1053.21,0
2021-09-19,8229.53,1318.15,0
2021-09-20,9812.57,1045.19,0
2021-09-21,9491.63,1478.34,0
2021-09-22,9356.76,1899.04,0
2021-09-23,8506.9,2212.34,0
2021-09-24,7450.16,2909.44,0
2021-09-25,9566.14,2827.11,0
2021-09-26,10110.9,1925.32,0
2021-09-27,8525.98,2335.38,0
2021-09-28,8426.09,2877.18,0
2021-09-29,7186.54,708.68,0
2021-09-30,7876.17,514.09,0
2021-10-01,9726.19,574.5,0
2021-10-02,10170.97,1908.37,1
2021-10-03,8671.03,2407.08,0
2021-10-04,8797.02,1417.69,0
2021-10-05,8719.84,1863.1,0
2021-10-06,8430.67,1790.92,0
2021-10-07,7882.46,736.93,0
2021-10-08,9429.0,1303.97,0
2021-10-09,9655.39,548.59,0
2021-10-10,7787.85,776.76,1
2021-10-11,8970.77,2529.65,0
2021-10-12,8266.24,2573.53,0
2021-10-13,8869.45,2504.87,0
2021-10-14,9052.14,2317.05,0
2021-10-15,7797.77,2483.28,0
2021-10-16,10127.12,2177.46,0
2021-10-17,9887.79,2174.58,0
2021-10-18,9632.12,2168.4,0
2021-10-19,8363.27,1785.11,0
2021-10-20,8390.31,1408.37,0
2021-10-21,9533.49,2325.49,0
2021-10-22,9348.12,1246.62,1
2021-10-23,9870.27,1857.26,0
2021-10-24,9696.4,1583.39,0
2021-10-25,10510.49,1191.56,0
2021-10-26,7972.27,2936.72,0
2021-10-27,7945.61,1146.88,0
2021-10-28,7694.88,1273.23,0
2021-10-29,9575.92,903.97,0
2021-10-30,11009.75,2557.45,0
2021-10-31,9983.16,1966.47,0
2021-11-01,8984.25,2032.6,0
2021-11-02,10481.78,2551.4,0
2021-11-03,9128.52,1357.3,0
2021-11-04,9172.32,984.08,0
2021-11-05,9452.56,996.01,0
2021-11-06,10794.96,2331.55,0
2021-11-07,10653.89,2035.29,0
2021-11-08,9657.33,1015.85,0
2021-11-09,9128.47,862.66,0
2021-11-10,8162.72,801.72,0
2021-11-11,8250.0,2069.5,0
2021-11-12,9586.91,500.3,0
2021-11-13,11406.74,545.8,0
2021-11-14,9844.74,1473.88,0
2021-11-15,10943.11,2228.37,0
2021-11-16,8975.96,2237.6,0
2021-11-17,7788.83,1575.3,0
2021-11-18,9846.23,2227.68,0
2021-11-19,11374.3,1802.74,0
2021-11-20,10049.53,2942.33,0
2021-11-21,9670.56,906.15,0
2021-11-22,10895.9,2001.67,1
2021-11-23,9138.03,1728.1,0
2021-11-24,9912.33,986.17,0
2021-11-25,10598.41,2374.98,0
2021-11-26,10607.35,1188.77,0
2021-11-27,11656.75,1454.27,0
2021-11-28,11857.73,1437.08,0
2021-11-29,11605.0,1110.51,0
2021-11-30,10196.83,1576.76,0
2021-12-01,10393.32,1683.36,0
2021-12-02,10098.66,2360.55,0
2021-12-03,10948.64,2412.67,0
2021-12-04,13745.75,896.39,0
2021-12-05,11695.81,1981.93,0
2021-12-06,9915.5,2740.49,0
2021-12-07,10305.89,771.97,0
2021-12-08,9827.22,1682.29,0
2021-12-09,10063.23,2375.88,0
2021-12-10,11708.51,2028.73,0
2021-12-11,12521.21,751.46,0
2021-12-12,11732.48,1491.52,0
2021-12-13,10316.68,1768.1,0
2021-12-14,10861.51,2989.61,0
2021-12-15,9961.18,946.52,0
2021-12-16,10765.4,2956.06,0
2021-12-17,11172.69,1440.37,0
2021-12-18,12915.12,1000.8,0
2021-12-19,12363.65,1535.27,0
2021-12-20,11326.27,2034.99,0
2021-12-21,10003.39,1033.74,0
2021-12-22,10688.32,1228.6,0
2021-12-23,10893.54,2636.37,0
2021-12-24,11392.59,2997.52,0
2021-12-25,12896.38,1295.43,0
2021-12-26,11372.57,872.14,1
2021-12-27,11484.2,2482.93,0
2021-12-28,11490.7,2001.14,0
2021-12-29,10616.32,751.0,0
2021-12-30,10981.47,2866.93,0
2021-12-31,11892.57,695.12,0
2022-01-01,13163.49,2063.39,0
2022-01-02,12737.22,1559.84,0
2022-01-03,10857.57,1891.56,0
2022-01-04,11305.32,1033.04,0
2022-01-05,11799.76,2220.28,0
2022-01-06,12216.12,2899.3,0
2022-01-07,12934.04,1646.06,0
2022-01-08,13834.4,1807.4,0
2022-01-09,13250.84,1099.53,0
2022-01-10,12981.84,2729.67,0
2022-01-11,11313.91,2927.94,0
2022-01-12,10000.36,2465.74,0
2022-01-13,10808.11,1856.93,0
2022-01-14,12053.7,2891.99,0
2022-01-15,12200.25,884.63,0
2022-01-16,13255.35,1696.23,0
2022-01-17,12734.2,1844.01,0
2022-01-18,13206.73,1729.79,0
2022-01-19,11294.93,2506.05,0
2022-01-20,12383.56,2176.01,0
2022-01-21,12606.9,816.65,0
2022-01-22,12808.82,1366.13,0
2022-01-23,13232.03,1347.69,0
2022-01-24,11785.73,1914.08,0
2022-01-25,13376.29,1228.65,0
2022-01-26,13511.39,793.18,0
2022-01-27,12374.57,2134.21,0
2022-01-28,13281.43,2627.59,0
2022-01-29,13690.81,2829.02,1
2022-01-30,13469.41,2931.45,0
2022-01-31,14299.72,2452.79,0
2022-02-01,13339.63,849.26,0
2022-02-02,10364.25,2632.78,0
2022-02-03,12062.78,1499.9,0
2022-02-04,11915.13,2324.78,0
2022-02-05,15468.61,1828.17,0
2022-02-06,14282.11,2571.52,0
2022-02-07,14219.69,1563.76,0
2022-02-08,13090.23,654.48,0
2022-02-09,13861.7,1892.06,0
2022-02-10,13861.63,928.23,0
2022-02-11,13664.73,2913.79,0
2022-02-12,15875.07,1817.41,0
2022-02-13,14841.03,1883.9,0
2022-02-14,13128.96,2768.16,0
2022-02-15,13719.48,2061.46,0
2022-02-16,13656.68,1256.82,0
2022-02-17,13326.2,1240.24,0
2022-02-18,13764.1,1753.95,1
2022-02-19,16164.75,2666.52,0
2022-02-20,13993.0,2486.82,0
2022-02-21,12331.27,2906.85,0
2022-02-22,15176.1,679.72,0
2022-02-23,12499.44,1170.82,0
2022-02-24,13437.13,700.52,0
2022-02-25,14021.02,2377.7,0
2022-02-26,15964.31,852.08,0
2022-02-27,16311.15,749.72,0
2022-02-28,13725.79,1904.18,0
2022-03-01,15179.64,1528.71,0
2022-03-02,14760.02,2287.75,0
2022-03-03,13886.64,1717.54,0
2022-03-04,15269.39,1563.34,0
2022-03-05,16001.18,1563.75,0
2022-03-06,15152.9,2679.69,0
2022-03-07,14820.74,1488.06,0
2022-03-08,14748.16,1333.49,0
2022-03-09,12564.49,1346.34,0
2022-03-10,13761.52,991.5,0
2022-03-11,13731.84,2651.72,0
2022-03-12,16477.87,866.58,0
2022-03-13,15221.74,2771.53,0
2022-03-14,15322.5,1208.67,0
2022-03-15,14251.79,2748.57,0
2022-03-16,13785.52,2477.05,0
2022-03-17,14353.48,1954.97,0
2022-03-18,14242.87,2173.68,1
2022-03-19,15310.56,1314.61,0
2022-03-20,15474.93,1935.57,0
2022-03-21,14883.26,1231.01,0
2022-03-22,14854.8,1505.68,0
2022-03-23,13765.14,2411.66,0
2022-03-24,15578.99,1109.83,0
2022-03-25,15430.89,2597.12,0
2022-03-26,14485.17,1439.71,0
2022-03-27,16170.48,1830.42,0
2022-03-28,14755.32,2854.9,0
2022-03-29,14730.46,2203.14,0
2022-03-30,13612.6,2114.01,0
2022-03-31,12604.25,2279.02,0
2022-04-01,14974.86,2795.28,0
2022-04-02,14476.45,1121.28,0
2022-04-03,16119.75,2033.1,0
2022-04-04,15495.76,1500.98,0
2022-04-05,14182.66,529.64,0
2022-04-06,15696.67,813.25,0
2022-04-07,13401.85,1312.48,0
2022-04-08,14521.11,1912.5,0
2022-04-09,14750.58,2703.69,0
2022-04-10,17435.03,2477.79,0
2022-04-11,16450.56,1883.33,0
2022-04-12,13535.75,684.68,0
2022-04-13,13578.31,1214.77,0
2022-04-14,13757.36,1416.77,0
2022-04-15,14572.28,2054.29,1
2022-04-16,14800.09,662.31,0
2022-04-17,15299.46,1825.48,0
2022-04-18,16149.67,2753.66,0
2022-04-19,16202.92,2263.58,0
2022-04-20,12970.16,2492.69,0
2022-04-21,13519.69,2204.19,0
2022-04-22,15140.61,1016.47,0
2022-04-23,14322.0,776.21,0
2022-04-24,15922.59,2573.73,0
2022-04-25,15719.92,2238.76,0
2022-04-26,15143.1,1937.65,0
2022-04-27,14547.72,973.21,0
2022-04-28,13851.87,2008.36,0
2022-04-29,14747.12,578.3,0
2022-04-30,14560.56,797.1,0
2022-05-01,16015.73,1279.73,0
2022-05-02,16479.05,1609.35,0
2022-05-03,14856.21,801.41,0
2022-05-04,13481.27,799.85,0
2022-05-05,14970.61,2314.73,0
2022-05-06,16675.15,1924.3,0
2022-05-07,15584.39,1834.35,0
2022-05-08,15969.09,1631.09,0
2022-05-09,15615.39,2941.36,0
2022-05-10,13075.4,624.5,0
2022-05-11,13576.6,951.57,0
2022-05-12,13627.66,2118.77,0
2022-05-13,15310.32,840.91,0
2022-05-14,15820.22,1973.45,0
2022-05-15,15280.49,1919.4,0
2022-05-16,14461.67,2927.51,0
2022-05-17,12853.26,2708.47,0
2022-05-18,13732.82,2863.88,0
2022-05-19,13110.9,784.01,0
2022-05-20,13611.62,2670.37,0
2022-05-21,15814.8,822.73,0
2022-05-22,15859.2,2082.33,0
2022-05-23,14350.87,2300.2,0
2022-05-24,12764.73,902.13,0
2022-05-25,12898.45,2081.65,0
2022-05-26,14479.69,631.15,0
2022-05-27,14655.79,1233.17,0
2022-05-28,14500.26,2802.9,0
2022-05-29,15049.37,929.33,0
2022-05-30,12879.46,663.17,0
2022-05-31,12094.05,1609.2,0
2022-06-01,14932.31,2626.55,0
2022-06-02,13878.89,691.68,1
2022-06-03,14068.68,1388.84,0
2022-06-04,14343.1,2749.44,1
2022-06-05,13373.17,795.39,0
2022-06-06,15111.53,1276.67,0
2022-06-07,12680.06,2446.05,0
2022-06-08,13686.58,1858.03,0
2022-06-09,13349.51,2580.83,0
2022-06-10,13793.61,778.99,0
2022-06-11,13384.48,2801.39,0
2022-06-12,13514.95,2837.28,0
2022-06-13,14390.4,888.28,0
2022-06-14,13412.45,584.69,0
2022-06-15,12918.58,2974.6,0
2022-06-16,13228.53,1705.63,1
2022-06-17,12039.94,1930.19,0
2022-06-18,14990.88,2039.76,0
2022-06-19,14012.31,2474.17,0
2022-06-20,14763.52,2529.97,1
2022-06-21,11490.37,984.81,0
2022-06-22,13082.71,1091.59,0
2022-06-23,13192.79,2692.08,0
2022-06-24,12144.72,2548.79,0
2022-06-25,13410.6,2044.05,0
2022-06-26,13191.7,2986.75,0
2022-06-27,14259.77,2337.96,0
2022-06-28,13084.76,1039.59,0
2022-06-29,13646.48,2616.61,0
2022-06-30,12646.79,1536.83,0
2022-07-01,13658.2,590.38,0
2022-07-02,14597.96,1303.55,0
2022-07-03,14220.85,2408.88,0
2022-07-04,12999.6,2900.52,0
2022-07-05,12118.99,1190.34,0
2022-07-06,12041.12,1116.29,0
2022-07-07,12859.21,1909.04,0
2022-07-08,12197.13,2529.21,0
2022-07-09,13919.88,2366.31,0
2022-07-10,13773.49,1899.9,0
2022-07-11,12042.75,2078.47,1
2022-07-12,12796.96,1105.25,0
2022-07-13,11957.89,1581.44,0
2022-07-14,11521.6,1138.41,0
2022-07-15,12652.76,2711.04,0
2022-07-16,12730.45,781.39,0
2022-07-17,13456.03,2199.35,0
2022-07-18,12654.52,1150.71,0
2022-07-19,10834.75,1688.94,0
2022-07-20,11479.65,1248.53,0
2022-07-21,11354.84,1308.11,0
2022-07-22,12807.58,1150.98,0
2022-07-23,13593.3,2381.98,0
2022-07-24,12601.91,1414.29,0
2022-07-25,11910.18,2315.89,0
2022-07-26,10469.05,1640.17,0
2022-07-27,10695.08,1868.12,0
2022-07-28,11208.45,1858.22,0
2022-07-29,10987.7,2939.63,0
2022-07-30,13365.99,1417.66,0
2022-07-31,12982.93,1019.21,0
2022-08-01,12211.62,2779.48,0
2022-08-02,11568.34,937.1,1
2022-08-03,11361.98,2586.06,0
2022-08-04,11746.78,875.54,1
2022-08-05,12482.04,2146.81,0
2022-08-06,12182.47,876.35,0
2022-08-07,12440.58,2807.71,0
2022-08-08,12229.97,1912.52,0
2022-08-09,11221.9,1323.18,0
2022-08-10,11604.3,850.81,0
2022-08-11,12014.41,1427.98,0
2022-08-12,11905.36,2262.55,0
2022-08-13,11501.57,1462.38,0
2022-08-14,12762.35,1115.24,0
2022-08-15,12203.28,1943.52,0
2022-08-16,10382.5,1544.55,0
2022-08-17,11023.91,914.52,0
2022-08-18,10412.01,884.97,0
2022-08-19,12045.29,2268.65,0
2022-08-20,12450.21,2936.68,0
2022-08-21,12359.52,1082.74,0
2022-08-22,11756.35,2432.87,0
2022-08-23,9302.38,719.02,0
2022-08-24,9583.17,1453.94,0
2022-08-25,10583.35,1766.72,0
2022-08-26,12508.47,1171.87,0
2022-08-27,12350.28,1823.95,0
2022-08-28,13484.95,2706.54,0
2022-08-29,11648.59,2861.09,0
2022-08-30,10845.23,751.39,0
2022-08-31,11559.73,1179.61,0
2022-09-01,10429.91,2947.83,0
2022-09-02,10377.39,1176.05,0
2022-09-03,12029.89,2231.77,0
2022-09-04,12814.09,1133.63,0
2022-09-05,10808.24,1390.91,0
2022-09-06,11232.45,978.2,0
2022-09-07,10240.87,2640.75,0
2022-09-08,10818.78,2706.62,0
2022-09-09,11322.43,1242.28,0
2022-09-10,11354.74,2558.97,0
2022-09-11,11745.52,1395.6,0
2022-09-12,11105.55,747.55,0
2022-09-13,10780.1,2395.19,0
2022-09-14,9567.28,1991.12,0
2022-09-15,9905.57,1185.96,0
2022-09-16,10678.83,1132.5,1
2022-09-17,11942.84,2939.06,0
2022-09-18,10646.26,2656.25,1
2022-09-19,11255.59,2524.5,0
2022-09-20,10076.69,820.04,0
2022-09-21,9878.18,2387.97,0
2022-09-22,9831.27,1036.35,0
2022-09-23,11138.87,2943.47,0
2022-09-24,11482.06,630.22,0
2022-09-25,12331.33,1380.35,0
2022-09-26,11651.13,1571.62,0
2022-09-27,9407.18,2560.51,0
2022-09-28,9437.99,2415.56,0
2022-09-29,10224.74,1437.48,0
2022-09-30,10957.83,1913.9,0
2022-10-01,10924.45,2588.99,0
2022-10-02,12824.5,545.5,0
2022-10-03,12045.95,2505.45,0
2022-10-04,9350.64,2867.24,0
2022-10-05,10517.13,580.16,0
2022-10-06,10366.56,613.95,0
2022-10-07,12032.43,1361.29,0
2022-10-08,10416.29,719.42,0
2022-10-09,13484.7,1698.19,0
2022-10-10,10740.5,2321.78,0
2022-10-11,11035.07,1917.25,0
2022-10-12,9826.67,991.08,0
2022-10-13,10178.37,2137.03,0
2022-10-14,9767.03,2212.14,0
2022-10-15,12716.06,2831.11,0
2022-10-16,11712.55,866.99,0
2022-10-17,11350.06,2230.84,0
2022-10-18,12683.84,2778.57,1
2022-10-19,11185.96,1753.91,0
2022-10-20,10056.3,1404.5,0
2022-10-21,10747.05,926.87,0
2022-10-22,12088.07,2666.97,0
2022-10-23,12671.49,1485.62,0
2022-10-24,13044.92,2812.21,0
2022-10-25,9683.85,2619.4,0
2022-10-26,11141.38,1441.6,0
2022-10-27,11447.33,1934.79,0
2022-10-28,10754.67,567.94,0
2022-10-29,11747.82,1158.05,0
2022-10-30,10911.19,2275.68,0
2022-10-31,11407.51,2194.78,0
2022-11-01,11325.94,1383.42,0
2022-11-02,12009.63,2521.52,0
2022-11-03,12265.45,1089.59,0
2022-11-04,10746.55,1653.18,0
2022-11-05,13390.54,1681.33,0
2022-11-06,10848.67,1352.04,0
2022-11-07,11537.39,2886.67,0
2022-11-08,11100.3,2241.71,0
2022-11-09,11141.57,1848.0,0
2022-11-10,11211.64,1776.29,0
2022-11-11,12076.86,898.24,1
2022-11-12,12296.37,1430.47,0
2022-11-13,13398.41,2181.93,0
2022-11-14,12785.47,2811.43,0
2022-11-15,11340.77,2541.16,0
2022-11-16,11848.68,1250.97,0
2022-11-17,13019.7,1584.89,0
2022-11-18,11488.04,707.29,0
2022-11-19,14029.12,755.43,0
2022-11-20,12413.8,1675.58,1
2022-11-21,13613.74,1825.55,0
2022-11-22,11392.74,1160.07,0
2022-11-23,12047.89,2106.96,0
2022-11-24,11772.7,2258.45,0
2022-11-25,10865.88,1247.79,0
2022-11-26,14492.05,2396.06,0
2022-11-27,12438.23,1014.01,0
2022-11-28,11747.0,1860.63,0
2022-11-29,11598.25,2510.7,0
2022-11-30,13743.7,1842.52,0
2022-12-01,10912.34,2769.91,0
2022-12-02,12725.88,646.25,0
2022-12-03,12353.11,1970.78,0
2022-12-04,12687.99,1904.39,0
2022-12-05,11780.58,2150.88,0
2022-12-06,12661.97,2583.52,0
2022-12-07,11892.27,2314.63,0
2022-12-08,11315.2,2475.71,0
2022-12-09,13589.2,1222.04,0
2022-12-10,14344.24,1468.74,0
2022-12-11,14086.95,2066.94,0
2022-12-12,14310.59,1883.65,0
2022-12-13,12446.6,2902.76,0
2022-12-14,12597.08,967.09,0
2022-12-15,12263.97,1378.2,0
2022-12-16,12006.35,1931.89,0
2022-12-17,14059.95,2669.91,0
2022-12-18,14213.03,2823.37,1
2022-12-19,13676.34,1340.09,0
2022-12-20,13352.8,667.77,0
2022-12-21,13797.96,1554.05,0
2022-12-22,12707.09,1485.86,0
2022-12-23,12778.21,2966.22,0
2022-12-24,14019.18,1577.65,1
2022-12-25,14310.46,1264.31,0
2022-12-26,14822.14,1413.44,0
2022-12-27,13474.65,1492.32,0
2022-12-28,12086.25,2553.85,0
2022-12-29,13852.03,702.54,0
2022-12-30,14397.66,1291.27,0
2022-12-31,14641.17,2915.8,0
2023-01-01,15517.04,882.76,0
2023-01-02,15266.57,2356.5,0
2023-01-03,13426.4,1390.98,0
2023-01-04,12623.85,1954.46,1
2023-01-05,13537.38,748.87,0
2023-01-06,14650.02,1266.03,0
2023-01-07,14810.24,1752.16,0
2023-01-08,14306.52,1079.25,0
2023-01-09,14842.73,1854.67,0
2023-01-10,12439.66,1049.4,0
2023-01-11,13422.02,2125.25,0
2023-01-12,14564.85,2760.89,0
2023-01-13,15281.45,713.72,0
2023-01-14,12222.32,1041.54,0
2023-01-15,15277.96,2611.06,0
2023-01-16,15525.86,2078.88,0
2023-01-17,13458.42,696.77,0
2023-01-18,13715.75,1715.88,0
2023-01-19,15180.63,1024.4,0
2023-01-20,14499.03,997.74,0
2023-01-21,16836.95,2851.61,0
2023-01-22,15165.53,2403.85,0
2023-01-23,16499.25,2240.58,0
2023-01-24,14749.43,1097.32,0
2023-01-25,13632.24,796.43,0
2023-01-26,15664.82,2677.08,0
2023-01-27,14239.11,514.7,0
2023-01-28,15237.23,1470.24,0
2023-01-29,16464.35,1194.03,0
2023-01-30,15747.82,1925.94,0
2023-01-31,15251.37,1126.27,0
2023-02-01,14347.59,1278.01,1
2023-02-02,13879.72,2625.1,0
2023-02-03,14985.03,2007.97,0
2023-02-04,17230.36,864.21,0
2023-02-05,15300.27,2316.18,0
2023-02-06,17293.52,1018.65,0
2023-02-07,15576.91,1582.51,0
2023-02-08,14454.01,2116.52,0
2023-02-09,13523.91,1179.82,0
2023-02-10,14293.63,1460.27,0
2023-02-11,16169.64,2335.37,0
2023-02-12,16265.41,2844.78,0
2023-02-13,16346.15,1823.11,0
2023-02-14,16970.3,524.93,0
2023-02-15,15628.97,1346.16,0
2023-02-16,15286.65,1496.59,0
2023-02-17,17024.25,1347.93,0
2023-02-18,16831.94,1590.67,0
2023-02-19,18180.3,2081.67,0
2023-02-20,15964.12,802.82,0
2023-02-21,14922.87,1181.58,1
2023-02-22,13840.97,1769.12,0
2023-02-23,15543.78,1288.93,0
2023-02-24,15297.68,2977.71,0
2023-02-25,15943.04,1578.58,0
2023-02-26,17954.65,2674.5,1
2023-02-27,15346.7,2741.27,0
2023-02-28,16142.43,2590.02,0
2023-03-01,15588.96,617.25,1
2023-03-02,15911.9,2869.37,0
2023-03-03,17598.48,821.86,0
2023-03-04,16483.02,586.01,1
2023-03-05,18432.26,1535.92,0
2023-03-06,15508.91,986.59,0
2023-03-07,16768.4,960.49,0
2023-03-08,17020.36,1219.55,0
2023-03-09,12774.12,1121.01,0
2023-03-10,16637.46,2211.99,0
2023-03-11,17220.12,966.94,0
2023-03-12,17547.04,1857.8,0
2023-03-13,18446.87,2966.07,0
2023-03-14,15792.71,1580.96,0
2023-03-15,15042.68,2104.68,1
2023-03-16,16226.86,2923.43,0
2023-03-17,17706.58,844.1,0
2023-03-18,17896.89,1546.52,0
2023-03-19,17648.6,2625.48,0
2023-03-20,17020.88,2830.76,0
2023-03-21,14919.75,2003.09,0
2023-03-22,16575.67,858.55,0
2023-03-23,16839.52,2753.68,0
2023-03-24,16359.92,936.12,0
2023-03-25,17179.81,1382.19,0
2023-03-26,16879.09,1438.77,0
2023-03-27,17990.21,1618.23,0
2023-03-28,16318.95,2475.41,0
2023-03-29,16068.76,2505.36,0
2023-03-30,16854.76,2299.14,0
2023-03-31,17246.33,555.32,1
2023-04-01,18068.03,1912.11,0
2023-04-02,17918.2,2368.73,0
2023-04-03,17508.9,1611.56,0
2023-04-04,16812.07,2862.34,0
2023-04-05,16595.69,2559.53,0
2023-04-06,16792.53,2095.39,0
2023-04-07,16039.78,656.06,0
2023-04-08,17169.27,2130.87,0
2023-04-09,17640.09,2778.95,0
2023-04-10,17731.94,1448.61,0
2023-04-11,17954.02,2595.33,0
2023-04-12,15591.75,1282.9,0
2023-04-13,17098.07,1925.26,0
2023-04-14,16563.07,2121.06,0
2023-04-15,18737.0,2194.99,0
2023-04-16,19321.11,2706.37,0
2023-04-17,15955.43,1086.56,1
2023-04-18,16393.29,1155.92,0
2023-04-19,14335.34,2260.1,0
2023-04-20,15011.45,942.98,0
2023-04-21,15679.36,1660.68,0
2023-04-22,18097.99,550.09,0
2023-04-23,18093.99,852.45,0
2023-04-24,17943.06,2197.12,0
2023-04-25,17083.99,2368.65,0
2023-04-26,16541.99,788.3,0
2023-04-27,16386.33,1069.27,1
2023-04-28,16805.37,747.26,0
2023-04-29,18338.31,1583.53,0
2023-04-30,17673.35,815.29,0
2023-05-01,17636.6,1593.24,0
2023-05-02,14643.12,2330.25,1
2023-05-03,15118.91,2208.47,1
2023-05-04,16981.44,1201.15,0
2023-05-05,16271.16,2184.41,0
2023-05-06,16297.64,2819.28,0
2023-05-07,18063.37,1368.81,0
2023-05-08,17099.88,1322.8,0
2023-05-09,16059.75,1928.6,0
2023-05-10,17139.86,1113.75,0
2023-05-11,17136.51,2128.95,0
2023-05-12,16520.68,2580.65,0
2023-05-13,17852.66,1648.3,0
2023-05-14,15616.05,2198.77,0
2023-05-15,17826.08,2129.71,0
2023-05-16,15364.57,596.66,0
2023-05-17,14615.41,958.54,0
2023-05-18,14478.97,2733.83,0
2023-05-19,15017.66,2847.23,1
2023-05-20,17971.96,2451.1,0
2023-05-21,17741.12,2803.12,0
2023-05-22,16164.21,1265.37,0
2023-05-23,16739.64,1119.28,0
2023-05-24,15119.45,1460.75,0
2023-05-25,15980.92,638.35,0
2023-05-26,15933.24,2524.68,0
2023-05-27,16819.75,2960.44,0
2023-05-28,16314.38,2560.07,0
2023-05-29,15970.54,1887.44,0
2023-05-30,16289.34,1238.2,0
2023-05-31,15954.52,994.24,0
2023-06-01,15182.95,1410.16,0
2023-06-02,14887.96,2167.42,0
2023-06-03,18679.16,1617.65,0
2023-06-04,16853.94,2835.15,0
2023-06-05,16609.04,2635.55,1
2023-06-06,14623.29,756.0,0
2023-06-07,16138.61,828.81,0
2023-06-08,16381.8,2190.6,0
2023-06-09,14512.8,1076.92,0
2023-06-10,16388.76,2477.57,0
2023-06-11,16446.49,1978.4,0
2023-06-12,18034.17,1074.58,0
2023-06-13,16549.25,1696.72,0
2023-06-14,13765.8,1515.19,0
2023-06-15,14463.12,2682.9,0
2023-06-16,14921.07,580.41,0
2023-06-17,16522.49,2739.61,0
2023-06-18,17601.41,2130.21,0
2023-06-19,15961.97,2343.85,0
2023-06-20,15545.0,506.52,0
2023-06-21,14143.27,2070.6,0
2023-06-22,15189.17,1971.22,0
2023-06-23,15003.65,1843.01,0
2023-06-24,14657.1,2464.67,0
2023-06-25,16431.83,1889.68,0
2023-06-26,15609.26,2642.74,0
2023-06-27,14007.92,1081.58,0
2023-06-28,15731.83,2514.96,0
2023-06-29,13919.44,948.28,0
2023-06-30,15607.91,2532.79,0
2023-07-01,15418.57,2851.16,0
2023-07-02,17060.44,1339.24,0
2023-07-03,15165.15,1824.72,0
2023-07-04,13283.78,2145.82,0
2023-07-05,14801.14,698.68,0
2023-07-06,15501.76,1735.2,0
2023-07-07,14516.04,1401.46,0
2023-07-08,15989.3,2681.14,0
2023-07-09,15666.87,2691.7,0
2023-07-10,14787.05,2251.95,0
2023-07-11,15034.44,2139.31,0
2023-07-12,13251.89,2334.22,0
2023-07-13,14035.42,1414.97,0
2023-07-14,14803.93,1511.3,0
2023-07-15,15363.68,1884.26,0
2023-07-16,14684.4,2845.07,0
2023-07-17,16483.18,2310.0,0
2023-07-18,15114.86,1877.47,0
2023-07-19,14428.53,2426.03,0
2023-07-20,14901.42,1427.23,0
2023-07-21,14399.7,2326.17,0
2023-07-22,14637.73,1526.69,0
2023-07-23,14182.85,1199.15,0
2023-07-24,14023.59,2024.31,0
2023-07-25,13046.25,2217.19,0
2023-07-26,12967.77,1648.23,0
2023-07-27,13731.82,1913.75,0
2023-07-28,14833.52,2235.17,0
2023-07-29,15403.35,2419.28,0
2023-07-30,13878.37,2738.93,0
2023-07-31,14901.2,1386.36,0
2023-08-01,14538.26,2878.69,0
2023-08-02,12954.8,2093.2,0
2023-08-03,14239.08,2469.25,0
2023-08-04,14575.57,2249.42,0
2023-08-05,13457.7,1013.93,0
2023-08-06,16346.6,678.6,0
2023-08-07,13557.64,2315.72,0
2023-08-08,14172.07,1777.63,0
2023-08-09,13680.9,2255.53,0
2023-08-10,12090.25,1692.11,0
2023-08-11,13809.62,1280.59,0
2023-08-12,14991.0,1212.54,0
2023-08-13,13403.09,2326.33,0
2023-08-14,14010.55,1191.95,0
2023-08-15,14004.19,2286.69,0
2023-08-16,13596.91,1459.9,0
2023-08-17,12562.34,2427.25,0
2023-08-18,14715.88,857.02,0
2023-08-19,15125.72,1012.45,0
2023-08-20,14404.74,2214.78,0
2023-08-21,13228.29,1900.58,0
2023-08-22,12105.63,1009.7,0
2023-08-23,12885.15,2757.07,0
2023-08-24,13887.4,1189.86,0
2023-08-25,13202.32,1552.68,0
2023-08-26,13237.6,1005.72,0
2023-08-27,14719.24,1470.07,0
2023-08-28,13746.63,1729.12,0
2023-08-29,13306.69,1238.12,0
2023-08-30,12022.68,2422.73,0
2023-08-31,12283.9,1484.83,0
2023-09-01,12764.27,2323.77,0
2023-09-02,14196.72,1017.68,0
2023-09-03,13664.65,1442.59,0
2023-09-04,13962.21,520.15,0
2023-09-05,12282.56,2396.59,0
2023-09-06,12731.08,2064.72,0
2023-09-07,13037.5,2544.56,0
2023-09-08,13352.77,1639.03,0
2023-09-09,14434.9,2499.35,0
2023-09-10,13459.52,2118.96,0
2023-09-11,13955.6,509.03,0
2023-09-12,12884.27,1134.24,0
2023-09-13,11607.99,1734.73,0
2023-09-14,10876.34,2046.72,0
2023-09-15,11665.33,663.98,0
2023-09-16,11871.76,2262.7,0
2023-09-17,14127.66,1858.84,0
2023-09-18,13088.66,1814.45,0
2023-09-19,12719.3,1230.11,0
2023-09-20,12068.36,1987.06,0
2023-09-21,12829.2,568.73,0
2023-09-22,13475.5,661.75,0
2023-09-23,13644.71,2334.68,0
2023-09-24,13846.5,1304.73,0
2023-09-25,13445.25,1367.42,0
2023-09-26,13750.13,1020.96,0
2023-09-27,10601.28,1614.05,0
2023-09-28,11824.85,629.98,0
2023-09-29,13681.51,1250.91,0
2023-09-30,14504.4,1817.81,0
2023-10-01,14118.36,1664.08,0
2023-10-02,13201.25,2999.17,0
2023-10-03,14149.11,1471.91,0
2023-10-04,12375.54,1467.5,0
2023-10-05,12419.4,1758.95,0
2023-10-06,14093.41,975.76,0
2023-10-07,14042.37,2690.76,0
2023-10-08,14577.49,1930.67,0
2023-10-09,14248.32,980.27,0
2023-10-10,12421.25,2483.6,0
2023-10-11,13712.0,585.83,1
2023-10-12,10494.75,2956.41,1
2023-10-13,11519.07,2662.87,0
2023-10-14,13197.71,1949.1,0
2023-10-15,13572.01,778.24,0
2023-10-16,13783.02,1038.18,0
2023-10-17,12262.93,1198.59,0
2023-10-18,12388.62,1102.58,0
2023-10-19,12405.73,1743.8,0
2023-10-20,14816.8,2861.4,0
2023-10-21,13213.34,1610.43,0
2023-10-22,12684.69,2153.91,0
2023-10-23,14513.52,2221.46,0
2023-10-24,12373.67,2678.95,0
2023-10-25,12460.08,584.55,0
2023-10-26,12193.04,1510.83,0
2023-10-27,13947.97,2461.84,0
2023-10-28,12907.72,2537.17,0
2023-10-29,11946.39,2818.33,0
2023-10-30,14814.26,2256.99,0
2023-10-31,13306.9,1112.88,0
2023-11-01,13560.29,1764.16,0
2023-11-02,13893.17,580.86,0
2023-11-03,12803.07,2117.32,0
2023-11-04,14238.26,1885.74,0
2023-11-05,14777.15,2167.09,0
2023-11-06,13882.63,2825.35,0
2023-11-07,13055.21,2218.19,0
2023-11-08,12731.65,1301.12,0
2023-11-09,13954.96,996.84,0
2023-11-10,13538.05,2636.59,0
2023-11-11,14883.16,985.83,0
2023-11-12,14867.8,904.02,0
2023-11-13,13419.49,1016.53,0
2023-11-14,13772.15,1772.1,0
2023-11-15,11901.31,810.47,0
2023-11-16,13642.91,2845.3,0
2023-11-17,14695.7,2915.63,0
2023-11-18,15541.51,2934.5,0
2023-11-19,14073.32,597.81,0
2023-11-20,14010.83,2865.49,0
2023-11-21,14010.41,2993.54,0
2023-11-22,13007.69,2856.07,0
2023-11-23,12038.38,2177.35,0
2023-11-24,13812.64,2253.08,0
2023-11-25,15135.13,805.63,0
2023-11-26,15959.42,2685.74,0
2023-11-27,16064.32,649.1,0
2023-11-28,14159.52,1294.33,0
2023-11-29,14121.16,2977.88,0
2023-11-30,14632.7,1555.82,0
2023-12-01,12891.13,827.89,0
2023-12-02,14384.09,2923.24,0
2023-12-03,15478.78,2960.35,1
2023-12-04,16251.81,967.61,0
2023-12-05,14860.15,2662.01,0
2023-12-06,14231.11,1476.06,0
2023-12-07,13983.51,1453.42,0
2023-12-08,15177.4,1156.74,0
2023-12-09,15029.07,611.78,0
2023-12-10,15081.93,1170.02,0
2023-12-11,14763.98,634.44,0
2023-12-12,15742.14,2810.93,0
2023-12-13,13610.62,2154.3,0
2023-12-14,14164.43,2716.56,0
2023-12-15,15532.11,2293.23,0
2023-12-16,15123.22,828.22,0
2023-12-17,16209.59,2851.45,1
2023-12-18,15823.48,2749.73,0
2023-12-19,14496.26,1370.19,0
2023-12-20,14403.34,778.83,1
2023-12-21,14057.51,2260.39,0
2023-12-22,16591.73,2320.9,0
2023-12-23,16364.88,2742.07,0
2023-12-24,15522.31,631.64,0
2023-12-25,16077.49,854.26,0
2023-12-26,15467.65,1995.62,0
2023-12-27,13151.19,2047.83,0
2023-12-28,16220.92,584.02,0
2023-12-29,15030.71,1492.33,0
2023-12-30,18168.46,1960.4,0
2023-12-31,17335.45,2344.78,0
2024-01-01,15413.39,1290.38,0
2024-01-02,15417.72,1709.76,0
2024-01-03,16022.86,2535.14,0
2024-01-04,15297.51,2884.74,0
2024-01-05,17104.2,1075.79,0
2024-01-06,16534.62,1132.61,0
2024-01-07,16975.36,2849.55,0
2024-01-08,17413.85,1489.78,0
2024-01-09,16490.43,2295.87,0
2024-01-10,14882.8,2030.66,0
2024-01-11,16172.7,1213.97,0
2024-01-12,16632.76,2133.91,0
2024-01-13,16442.64,2138.91,0
2024-01-14,16261.73,1981.11,0
2024-01-15,15443.62,749.15,0
2024-01-16,16106.26,2987.93,0
2024-01-17,15912.87,1501.04,1
2024-01-18,16561.13,2095.63,0
2024-01-19,17486.03,2714.4,0
2024-01-20,17170.52,1558.22,0
2024-01-21,17635.89,2434.81,0
2024-01-22,16708.56,2929.56,0
2024-01-23,16736.89,1397.34,0
2024-01-24,17054.58,1513.17,0
2024-01-25,16560.4,2763.94,0
2024-01-26,18080.56,899.11,0
2024-01-27,18581.43,571.49,0
2024-01-28,19184.98,2772.22,0
2024-01-29,17733.38,2553.98,0
2024-01-30,16553.52,2931.46,0
2024-01-31,17086.94,645.59,0
2024-02-01,16489.09,890.44,0
2024-02-02,17927.36,763.28,0
2024-02-03,17592.93,2208.54,0
2024-02-04,17656.77,2015.03,0
2024-02-05,18901.25,1398.34,0
2024-02-06,16464.85,643.56,0
2024-02-07,17700.47,2099.15,0
2024-02-08,17546.15,1925.3,0
2024-02-09,17817.96,782.26,0
2024-02-10,16893.15,2772.27,0
2024-02-11,19789.09,997.37,0
2024-02-12,17458.2,2358.77,0
2024-02-13,18312.24,2712.69,0
2024-02-14,16601.5,1948.69,0
2024-02-15,16728.67,1117.12,0
2024-02-16,18542.32,1273.12,0
2024-02-17,19099.5,2714.37,0
2024-02-18,17942.44,1245.64,0
2024-02-19,19609.86,2365.48,0
2024-02-20,17635.63,2975.41,0
2024-02-21,17456.45,2999.54,0
2024-02-22,17351.24,1833.7,0
2024-02-23,17364.69,2566.39,0
2024-02-24,19492.51,2975.62,0
2024-02-25,19321.82,1436.68,0
2024-02-26,18044.06,1131.02,0
2024-02-27,18779.4,785.58,0
2024-02-28,17664.69,852.25,0
2024-02-29,17865.35,2633.89,0
2024-03-01,19879.26,1971.81,0
2024-03-02,17824.81,2684.27,0
2024-03-03,17995.79,2473.64,0
2024-03-04,17769.53,2184.36,0
2024-03-05,18508.8,2023.28,0
2024-03-06,17522.93,620.85,0
2024-03-07,17765.46,2680.69,0
2024-03-08,17884.42,1544.61,0
2024-03-09,20619.13,1899.47,0
2024-03-10,21064.66,554.88,0
2024-03-11,19771.89,2840.18,0
2024-03-12,17173.79,2756.85,0
2024-03-13,17577.64,1858.2,0
2024-03-14,18803.29,1943.28,1
2024-03-15,18749.1,2262.54,0
2024-03-16,20151.28,1161.74,0
2024-03-17,20599.8,1054.79,0
2024-03-18,20711.33,2185.06,1
2024-03-19,17983.6,761.06,0
2024-03-20,18155.11,1635.16,0
2024-03-21,17906.65,1731.9,0
2024-03-22,17298.08,1453.34,0
2024-03-23,20098.69,963.17,0
2024-03-24,20155.17,1388.29,0
2024-03-25,18845.91,1343.89,0
2024-03-26,17321.77,1748.16,0
2024-03-27,17870.41,2186.7,0
2024-03-28,18926.67,2920.59,0
2024-03-29,20045.96,860.41,0
2024-03-30,19039.6,2682.54,0
2024-03-31,20657.68,1210.45,0
2024-04-01,19843.3,1978.43,0
2024-04-02,18987.59,1866.84,0
2024-04-03,17194.48,1892.37,0
2024-04-04,17388.14,2308.4,0
2024-04-05,18352.73,1454.22,0
2024-04-06,19384.65,1297.75,0
2024-04-07,21243.03,2632.09,0
2024-04-08,18841.28,1050.24,0
2024-04-09,19294.58,950.62,0
2024-04-10,17872.92,539.02,0
2024-04-11,18776.64,1026.44,0
2024-04-12,18972.08,1796.33,0
2024-04-13,19787.35,1846.27,1
2024-04-14,20092.97,1136.05,0
2024-04-15,19161.22,680.69,0
2024-04-16,18961.77,2361.6,0
2024-04-17,19211.41,2394.94,0
2024-04-18,17769.65,2994.59,0
2024-04-19,19940.58,2750.07,1
2024-04-20,19397.97,2815.16,0
2024-04-21,19459.88,2495.51,0
2024-04-22,19874.85,2038.76,0
2024-04-23,18338.73,821.36,0
2024-04-24,18424.14,2055.78,0
2024-04-25,18493.16,639.89,0
2024-04-26,17259.85,2713.25,0
2024-04-27,19874.1,1704.55,0
2024-04-28,18528.88,2243.68,0
2024-04-29,18143.61,630.61,0
2024-04-30,18820.4,1835.62,0
2024-05-01,18508.94,1253.16,0
2024-05-02,19182.8,1212.42,0
2024-05-03,17956.71,1474.14,0
2024-05-04,18843.99,501.6,0
2024-05-05,19945.69,1666.65,0
2024-05-06,20102.87,1716.42,0
2024-05-07,18564.44,2657.83,0
2024-05-08,17256.32,1621.31,0
2024-05-09,19298.58,1408.89,0
2024-05-10,18488.68,2986.87,0
2024-05-11,19118.15,1928.03,0
2024-05-12,18287.4,1681.53,0
2024-05-13,19560.43,1739.84,0
2024-05-14,18946.38,2522.95,0
2024-05-15,17243.6,1351.69,1
2024-05-16,19339.96,1472.9,0
2024-05-17,18070.47,2389.68,0
2024-05-18,19641.03,682.46,0
2024-05-19,19448.88,2662.92,0
2024-05-20,17190.84,1575.51,0
2024-05-21,18525.84,1953.23,0
2024-05-22,17994.34,2393.69,0
2024-05-23,16345.09,1165.13,0
2024-05-24,19576.12,2725.79,0
2024-05-25,19319.61,2948.06,0
2024-05-26,20070.34,1735.69,0
2024-05-27,17243.94,2842.34,1
2024-05-28,17564.67,502.82,0
2024-05-29,18374.65,2735.59,0
2024-05-30,16299.58,1277.61,0
2024-05-31,17843.96,1278.74,0
2024-06-01,19068.3,1070.22,0
2024-06-02,17350.31,1292.53,0
2024-06-03,17344.05,1033.71,0
2024-06-04,18780.29,2764.67,0
2024-06-05,17256.95,2747.56,0
2024-06-06,18271.94,755.53,0
2024-06-07,18068.38,857.15,0
2024-06-08,20479.24,2655.05,0
2024-06-09,18986.04,1497.34,0
2024-06-10,19183.8,923.18,0
2024-06-11,17242.37,1776.67,0
2024-06-12,17140.21,1541.67,0
2024-06-13,17604.56,1047.9,0
2024-06-14,18327.5,2301.88,0
2024-06-15,18240.02,2078.22,0
2024-06-16,18392.15,749.15,0
2024-06-17,18322.73,2813.47,0
2024-06-18,17591.86,1896.17,0
2024-06-19,15901.66,1125.51,0
2024-06-20,17019.68,1015.73,0
2024-06-21,17685.16,839.87,0
2024-06-22,17236.18,1561.59,0
2024-06-23,18859.54,838.85,0
2024-06-24,17995.14,1539.54,0
2024-06-25,18798.12,871.93,0
2024-06-26,16442.72,2142.02,0
2024-06-27,17489.59,2463.11,0
2024-06-28,17600.1,1873.81,0
2024-06-29,19293.98,2200.14,0
2024-06-30,17097.85,2845.95,0
2024-07-01,17007.24,2095.93,0
2024-07-02,15923.19,1410.4,1
2024-07-03,16139.06,1623.7,0
2024-07-04,15418.58,2651.31,0
2024-07-05,15685.46,826.8,0
2024-07-06,15787.59,1314.34,0
2024-07-07,15853.41,1943.2,0
2024-07-08,17666.31,2190.97,0
2024-07-09,16045.34,2408.75,0
2024-07-10,14952.65,1295.52,0
2024-07-11,15529.76,864.65,0
2024-07-12,16223.17,2887.1,0
2024-07-13,16462.4,690.98,0
2024-07-14,18636.26,739.51,0
2024-07-15,18015.85,1737.36,0
2024-07-16,17422.53,2548.18,0
2024-07-17,15826.0,2436.26,0
2024-07-18,16025.41,2844.25,1
2024-07-19,15868.53,854.01,0
2024-07-20,16302.76,1439.32,1
2024-07-21,17116.82,1205.36,0
2024-07-22,17153.27,2652.18,0
2024-07-23,16858.81,1720.89,0
2024-07-24,14997.85,567.12,0
2024-07-25,14552.48,2269.91,0
2024-07-26,16733.16,1471.75,0
2024-07-27,15283.04,1827.87,0
2024-07-28,16827.09,2734.47,0
2024-07-29,16463.82,1141.84,1
2024-07-30,15362.2,1100.66,1
2024-07-31,13963.61,1157.98,1
2024-08-01,15029.55,1345.27,1
2024-08-02,17229.66,768.38,0
2024-08-03,16982.96,2243.05,1
2024-08-04,17562.31,1018.5,0
2024-08-05,15195.61,2815.36,0
2024-08-06,15649.4,1039.22,0
2024-08-07,15052.76,1139.11,0
2024-08-08,15193.24,1242.55,0
2024-08-09,16148.17,2421.35,0
2024-08-10,16418.21,1569.02,0
2024-08-11,15475.11,2548.34,0
2024-08-12,16456.77,2462.13,1
2024-08-13,15917.45,2823.73,0
2024-08-14,15840.77,2391.51,0
2024-08-15,16004.36,629.78,0
2024-08-16,15894.33,2593.2,0
2024-08-17,15199.17,2845.18,0
2024-08-18,15019.73,2984.22,0
2024-08-19,15604.57,813.17,1
2024-08-20,15804.0,2033.18,0
2024-08-21,15296.55,998.65,0
2024-08-22,14963.7,1156.27,0
2024-08-23,15318.78,2363.96,0
2024-08-24,17475.11,2944.17,0
2024-08-25,16545.04,1987.14,0
2024-08-26,15562.97,2626.46,0
2024-08-27,14402.63,522.21,0
2024-08-28,13660.27,591.58,0
2024-08-29,13717.6,1991.81,0
2024-08-30,14404.16,1472.46,0
2024-08-31,16044.05,2724.39,0
2024-09-01,15942.81,1254.95,0
2024-09-02,15247.83,1580.13,0
2024-09-03,15388.31,1819.77,0
2024-09-04,15799.07,1182.6,0
2024-09-05,13833.62,2771.24,1
2024-09-06,14565.09,1661.33,0
2024-09-07,13943.76,1560.39,0
2024-09-08,15838.92,2624.38,0
2024-09-09,15313.83,1279.95,0
2024-09-10,15425.4,2543.66,0
2024-09-11,14199.03,805.68,0
2024-09-12,13943.32,956.97,0
2024-09-13,15184.96,2877.1,0
2024-09-14,16094.17,2606.12,0
2024-09-15,14501.76,1469.75,0
2024-09-16,16162.28,2096.14,0
2024-09-17,15701.97,2857.43,0
2024-09-18,14657.14,1029.65,0
2024-09-19,13621.82,647.53,0
2024-09-20,14730.63,1843.67,0
2024-09-21,16560.47,856.49,0
2024-09-22,14984.05,968.3,1
2024-09-23,15835.42,2728.85,0
2024-09-24,14597.12,518.51,0
2024-09-25,14333.23,2542.05,0
2024-09-26,13691.85,1792.38,0
2024-09-27,15252.11,1898.24,0
2024-09-28,15822.69,2179.42,0
2024-09-29,14565.54,1578.61,0
2024-09-30,15340.5,789.03,0
2024-10-01,15145.56,757.05,1
2024-10-02,13918.72,2385.91,0
2024-10-03,12429.32,1052.59,0
2024-10-04,14927.93,570.25,0
2024-10-05,16825.98,2949.03,0
2024-10-06,15540.01,2950.98,1
2024-10-07,16534.71,1445.35,0
2024-10-08,14057.46,563.81,0
2024-10-09,13356.24,2318.16,0
2024-10-10,14446.65,2577.53,0
2024-10-11,14430.11,812.53,0
2024-10-12,15990.23,838.65,0
2024-10-13,15596.2,2555.56,0
2024-10-14,16654.71,2804.77,0
2024-10-15,14442.91,2476.89,0
2024-10-16,14450.8,1001.86,0
2024-10-17,15026.88,1528.8,0
2024-10-18,15957.36,2002.11,0
2024-10-19,17019.23,900.73,0
2024-10-20,15820.56,1026.51,0
2024-10-21,15275.32,1207.22,0
2024-10-22,13389.27,1773.78,0
2024-10-23,16141.49,1777.01,0
2024-10-24,14972.61,2535.74,0
2024-10-25,15932.68,2382.53,0
2024-10-26,16423.89,2784.34,0
2024-10-27,16196.69,2582.25,0
2024-10-28,16028.46,1134.69,1
2024-10-29,14630.86,1328.24,0
2024-10-30,14429.35,1751.06,0
2024-10-31,14091.28,535.68,0
2024-11-01,16749.28,2759.76,0
2024-11-02,16605.36,610.86,0
2024-11-03,17919.45,1306.1,0
2024-11-04,17771.26,1922.94,0
2024-11-05,14145.73,1794.6,0
2024-11-06,15654.12,2136.15,0
2024-11-07,13964.37,1818.8,0
2024-11-08,15849.07,1072.5,0
2024-11-09,16615.91,1002.7,0
2024-11-10,15520.98,2768.12,0
2024-11-11,15560.54,1159.92,0
2024-11-12,15777.88,1202.44,0
2024-11-13,15231.61,1532.38,0
2024-11-14,14464.72,848.6,0
2024-11-15,15381.37,1768.18,0
2024-11-16,15407.55,2162.58,0
2024-11-17,15828.81,2465.0,1
2024-11-18,16097.66,2278.64,0
2024-11-19,16527.54,869.09,0
2024-11-20,16233.63,1640.17,1
2024-11-21,17001.45,596.47,0
2024-11-22,16538.04,544.49,0
2024-11-23,17013.66,1600.33,0
2024-11-24,17453.02,1132.4,0
2024-11-25,17052.35,2208.4,0
2024-11-26,14716.76,2310.6,0
2024-11-27,17128.95,2738.51,1
2024-11-28,14268.71,2401.71,0
2024-11-29,17399.47,620.61,0
2024-11-30,17192.98,1429.06,0
2024-12-01,16473.07,1182.56,0
2024-12-02,17379.63,1465.33,0
2024-12-03,16208.87,900.19,0
2024-12-04,15367.94,744.26,0
2024-12-05,15007.02,1802.46,0
2024-12-06,15609.36,2300.95,1
2024-12-07,16962.91,2254.78,0
2024-12-08,17341.25,1627.36,0
2024-12-09,16294.59,1805.7,0
2024-12-10,16644.9,1790.82,0
2024-12-11,15372.35,2228.93,0
2024-12-12,16715.35,619.81,0
2024-12-13,18083.83,2274.74,0
2024-12-14,18002.02,1955.5,0
2024-12-15,17896.48,995.27,0
2024-12-16,17157.56,622.65,0
2024-12-17,18095.1,771.32,0
2024-12-18,16397.73,1811.73,0
2024-12-19,18746.53,2396.02,0
2024-12-20,16480.88,1336.64,0
2024-12-21,18332.35,1447.81,0
2024-12-22,19432.86,2835.37,0
2024-12-23,17365.65,1032.53,0
2024-12-24,17082.67,759.37,0
2024-12-25,17387.78,1358.53,0
2024-12-26,17399.87,2364.81,0
2024-12-27,18211.08,2065.19,0
2024-12-28,19365.35,1539.49,0
2024-12-29,18362.62,2911.88,0
2024-12-30,19405.25,2337.49,0
2024-12-31,16233.88,654.65,0
